launch_year,Virgens,Reutilizados
2006,0.0,
2007,0.0,
2008,0.5,
2009,1.0,
2010,1.0,
2012,1.0,
2013,1.0,
2014,1.0,
2015,0.8571428571428571,
2016,0.8333333333333334,1.0
2017,1.0,1.0
2018,1.0,1.0
2019,1.0,1.0
2020,,1.0
2021,,1.0
2022,1.0,1.0
